"","sector","X","site","Abra.tennuis","Alderia.modesta","Ampelisca.brevicornis","Ampharete.balthica","Amphibalanus.improvisus","Amphipholis.squamata","Anaitides.mucosa","Anemonia.viridis","Aonides.oxycephala","Aphelochaeta.marioni","Apseudes.latreillii","Arenicola.marina","Bathyporeia.indet.","Bryozoa.indef.","Capitella.capitata","Carcinus.maenas","Caulleriella.zetlandica","Cerastoderma.edule","Cerastoderma.glaucum","Cereus.pedunculatus","Chaetozone.christii","Chironomidae","Cirratulidae..indet..","Cirriformia.tentaculata","Copepoda..Harpacticoida","Corophium.arenarium","Corophium.insidiosum","Corophium.volutator","Cossura.longe","Crangon.crangon","Crepidula.fornicata","Cyathura.carinata","Desdemona.ornata","Dolichopodidae","Dosinia.lupinus","Elminius.modestus","Eteone.foliosa","Eteone.longa","Eumida.cf.sanguinea","Eumida.punctifera","Eusarsiella.zostericola","Gammarus.locusta","Gibbula.umbilicalis","Glycera.tridactyla","Haminoea.navicula","Hediste.diversicolor","Hinia.reticulata","Hydrobia.ulvae","Hydrobia.ventrosa","Idotea.balthica","Idotea.chelipes","Insecta.indet","Insecta.larvae","Janua.pagenstecheri","Leptochitona.cinereus","Liocarcinus.arcuatus","Littorina.littorea","Littorina.saxatilis.agg.","Macoma.balthica","Malacoceros.tetraceros","Mediomastus.fragilis","Melinna.palmata","Melita.palmata","Microdeutopus.grllotalpus","Microphthalmus.cf.similis","Microprotopus.maculeatus","Mya.arenaria","Mytilus.edulis","Neanthes.virens","Nematostella.vectensis","Nemertina","Neoamphitrite.figulus","Nephtys.hombergii","Nephtys.kersivalensis","Notomastus.latericeus","Ostracoda.sp.","Other..incl.algae.","Palaemonetes.varians","Parapionosyllis.minuta","Parvicardium.exiguum","Phtisica.marina","Polycirrus.sp","Polydora.cornuta","Polydora.sp","Pomatoceros.lamarki","Pomatochistus.sp.","Pranus.inermis","Pseudopolydora.paucibranchiata","Pygospio.elegans","Retusa.obtusa","Retusa.ovata","Ruditapes.decussatus","Ruditapes.phillipinarum","Sabella.pavonina","Scolelepsis.sp.","Scoloplos.armiger","Scrobicularia.plana","Serpulidae.sp.","Solen.marginatus","Sphaeroma.rugicauda","Spio.martinensis","Spionidae.sp","Streblospio.shrubsolii","Tubificoides.benedii","Tubificoides.pseudogaster","Tubificoides.sp.","Urothoe.brevicornis","Venerupis.saxatilis","X.1","Y","Sediment1","Sediment2","AlgaeCover","HedisteDensity","HedisteBiomass","HedistePresent","CerastodermaDensity","CerastodermaBiomass","CerastodermaPresent","Shelduck","Oystercatcher","Grey_Plover","Avocet","Dunlin","Redshank","Blacktailed_Godwit","Curlew"
"1","DP001",78,78,0,0,2,0,0,0,1,0,0,0,0,5,0,0,0,0,0,0,0,0,0,0,0,0,0,0,0,0,0,0,0,0,0,0,0,0,0,2,0,0,0,0,0,0,0,0,0,0,0,0,0,0,0,0,0,0,0,0,0,0,0,0,0,0,0,0,0,0,0,0,0,0,1,1,2,0,0,0,0,0,0,0,0,0,0,0,0,0,0,0,0,0,0,0,1,46,0,0,0,0,0,0,0,0,0,0,37,0,404505,87958,0,0,1,0,0,0,0,0,0,0,72,0,0,40,6,1,15
"2","DP001",79,79,0,0,0,0,0,0,7,0,0,0,0,0,3,0,0,0,0,2,0,0,0,0,0,0,0,0,0,0,0,0,0,0,0,0,2,0,0,1,0,0,0,0,0,0,0,12,0,0,0,0,0,0,0,0,0,0,0,0,0,0,0,0,0,0,0,0,0,0,0,0,0,0,0,0,11,0,0,0,0,0,0,0,0,0,0,0,0,0,0,0,0,0,0,0,0,50,0,0,0,0,0,0,0,1,0,0,73,0,404650,88462,0,0,0,305.5776,1.3208142125,1,50.9296,2.9057895785,1,0,72,0,0,40,6,1,15
"3","DP001",80,80,0,0,0,0,0,0,0,0,0,0,0,0,1,0,0,0,0,0,0,0,0,0,0,0,1,0,0,0,0,0,0,0,0,0,0,0,0,0,0,0,0,0,0,0,0,0,0,0,0,0,0,0,0,0,0,0,0,0,0,1,0,0,0,0,0,0,0,0,0,0,0,0,0,0,0,0,0,0,0,0,0,0,0,0,0,0,0,0,0,0,0,0,0,0,0,17,0,0,0,0,1,0,0,85,8,0,1,0,404615,88966,0,0,2,0,0,0,0,0,0,0,72,0,0,40,6,1,15
"4","DP004",71,71,0,0,0,0,0,43,2,0,1,18,53,0,0,3,5,0,21,3,0,0,1,0,0,1,0,0,0,0,0,0,0,1,0,0,1,51,0,0,7,1,0,0,2,0,0,8,2,0,0,0,0,0,0,21,1,0,3,0,0,0,0,0,33,0,0,0,1,0,0,0,0,0,0,0,5,0,0,0,0,0,1,0,0,0,1,0,0,0,0,0,0,0,2,0,3,0,0,4,0,0,0,0,0,40,205,18,0,1,402007,90026,0,0,35,203.7184,0.0408639952,1,76.3944,25.681562831,1,39,165,1,0,40,12,0,11
"5","DP004",73,73,0,0,0,0,0,0,2,0,0,6,0,0,0,0,97,0,5,0,0,0,0,0,0,4,1,0,0,0,0,0,0,1,0,0,0,0,0,0,0,0,0,0,0,1,0,9,0,0,0,0,0,0,0,0,0,0,0,0,0,0,0,0,0,0,0,0,0,0,1,0,0,0,0,0,9,0,0,0,1,0,0,0,0,0,0,0,0,0,0,0,0,0,0,0,0,0,0,0,0,0,0,0,0,0,0,167,0,0,402500,90500,0,0,30,229.1832,0.2275971011,1,0,0,0,39,165,1,0,40,12,0,11
"6","DP004",75,75,1,0,0,0,0,0,1,0,0,164,0,0,0,0,0,0,0,2,0,0,71,0,0,0,0,0,0,1,0,0,0,44,1,0,0,0,0,0,0,0,0,0,0,0,0,87,0,12,0,0,0,0,0,0,0,0,0,0,0,1,0,0,1,0,0,0,3,0,0,0,0,0,0,0,0,0,0,0,0,0,0,0,0,0,0,0,0,1,23,0,0,0,0,0,0,2,2,0,0,0,1,0,24,0,11,0,0,0,403008,90506,0,0,0,2215.4376,5.0668027359,1,50.9296,0.0042798562,1,39,165,1,0,40,12,0,11
"7","DP004",77,77,0,0,0,0,0,0,0,0,0,0,0,0,0,0,0,0,0,0,0,0,0,0,0,0,0,0,0,0,0,0,0,0,0,0,0,0,0,0,0,0,0,0,0,0,0,5,0,1,0,0,0,0,0,0,0,0,0,0,1,0,0,0,0,0,0,0,0,0,0,0,0,0,1,2,0,0,0,0,0,0,0,0,1,0,0,0,0,0,0,0,0,0,0,0,0,0,0,0,0,0,0,0,2,1,46,0,0,0,403498,90021,1,0,0,127.324,0.0218996086,1,0,0,0,39,165,1,0,40,12,0,11
"8","DP007",49,49,1,0,0,0,0,0,0,0,0,1,0,0,0,0,4,0,0,0,0,0,0,0,0,0,0,0,0,7,0,0,0,0,0,0,0,0,0,1,0,0,0,0,0,0,0,1,0,8,0,0,0,0,0,0,0,0,0,0,0,0,0,0,0,0,0,0,0,0,0,0,0,0,0,0,0,0,0,0,0,0,0,0,0,0,0,0,0,0,0,0,0,0,0,0,0,0,0,0,0,0,0,0,0,5,26,0,0,0,400186,90994,1,1,80,25.4648,0.0489551708,1,0,0,0,0,0,0,0,0,0,0,0
"9","DP007",50,50,8,0,0,0,0,0,0,0,0,11,0,0,0,0,0,0,0,0,0,0,0,0,0,0,0,0,0,0,0,0,0,0,0,0,0,0,0,0,0,0,0,0,0,0,1,16,0,3,0,0,0,0,1,0,0,0,0,0,0,0,0,0,1,0,0,4,1,0,0,0,0,0,13,0,0,0,0,0,0,0,0,0,0,0,0,0,0,0,0,0,0,0,0,0,0,0,0,0,0,0,0,0,0,0,0,12,0,0,400003,91537,1,1,35,407.4368,1.1433458396,1,0,0,0,0,0,0,0,0,0,0,0
"10","DP007",55,55,2,0,0,0,0,0,0,0,0,0,0,0,0,0,0,0,0,3,0,0,0,0,0,0,0,0,0,0,0,0,0,0,0,0,0,0,0,0,0,0,0,0,0,0,0,0,0,8,0,0,0,0,0,0,0,0,0,0,0,0,0,0,0,0,0,0,0,0,0,0,0,0,3,0,0,0,0,0,0,0,0,0,0,0,0,0,0,0,0,0,0,0,1,0,0,0,0,0,0,0,1,0,0,6,0,0,0,0,400507,91042,1,1,0,0,0,0,76.3944,14.5206062193,1,0,0,0,0,0,0,0,0
"11","DP008",45,45,1,0,0,0,0,0,0,0,0,2,0,0,0,0,0,0,0,1,0,0,1,0,0,0,0,0,0,220,0,0,0,0,0,0,0,0,0,0,0,0,4,0,0,0,1,23,0,61,0,0,0,0,0,0,0,0,0,0,0,0,0,0,0,0,0,0,0,0,0,0,1,0,0,0,0,17,0,0,0,0,0,0,0,0,0,0,0,1,0,0,0,0,1,0,0,0,0,0,0,0,0,0,0,98,0,18,0,0,399485,91987,1,1,5,585.6904,5.0013014366,1,25.4648,1.7684040106,1,0,0,0,0,0,0,0,0
"12","DP008",51,51,4,0,0,0,0,0,0,0,0,14,0,0,0,0,213,0,0,0,0,0,0,19,0,0,0,0,0,0,0,0,0,0,2,0,0,0,0,4,0,0,0,0,0,0,0,1,0,79,0,0,0,0,0,0,0,0,0,0,0,0,0,0,0,0,0,15,0,0,0,0,0,0,0,0,0,0,0,0,0,0,0,0,0,0,0,0,0,1,1,0,0,0,0,0,0,0,0,0,0,0,16,0,0,285,0,0,0,0,399891,92010,1,1,10,25.4648,0.0040106533,1,0,0,0,0,0,0,0,0,0,0,0
"13","DP009",46,46,5,0,0,1,0,0,1,0,0,1,0,0,0,0,0,1,0,0,1,0,0,0,1,0,0,0,0,0,0,0,0,2,0,0,0,0,0,1,0,0,0,0,0,0,0,20,0,23,0,0,0,0,0,0,0,0,0,0,0,0,0,0,0,0,0,2,0,0,1,0,0,0,0,0,0,0,0,0,0,0,0,3,0,0,0,0,0,0,0,8,0,0,0,0,0,0,0,0,0,0,0,0,14,12,0,0,0,0,399602,92425,1,1,0,509.296,0.2491864609,1,25.4648,2.1492817326,1,68,50,17,0,26,29,0,37
"14","DP010",58,58,2,0,0,0,0,0,0,0,0,1,0,0,0,0,0,0,0,0,2,0,0,0,0,0,0,0,0,0,0,0,0,0,0,0,0,0,0,4,0,0,0,0,0,0,0,38,0,45,0,0,0,0,0,0,0,0,0,0,1,0,0,0,0,0,0,0,0,0,0,0,0,0,1,0,0,0,0,0,0,0,0,0,0,0,0,0,0,0,0,0,0,0,4,0,0,0,0,0,0,0,0,0,0,1,0,0,0,0,400500,92500,1,1,0,967.6624,5.1729997773,1,50.9296,5.4134433417,1,8,7,0,13,32,113,197,42
"15","DP011",57,57,1,0,0,0,0,0,0,0,0,4,0,0,0,0,7,0,0,0,0,0,0,0,0,0,0,0,0,2,0,0,0,0,0,0,0,0,0,0,0,0,1,0,0,0,0,1,0,1,0,0,0,0,0,0,0,0,0,0,0,0,0,1,0,0,0,0,0,0,0,0,0,0,2,0,0,1,0,0,0,0,0,0,0,0,0,0,0,0,0,0,0,0,0,0,0,0,0,0,0,0,0,0,0,151,0,0,0,0,400533,92057,1,1,5,25.4648,0.0040106533,1,0,0,0,99,45,0,0,0,43,74,64
"16","DP011",56,56,8,0,0,0,0,0,0,0,0,2,0,0,0,0,3,0,0,2,0,0,0,0,0,0,0,0,0,0,0,0,0,0,0,0,0,0,0,0,0,0,0,0,0,0,0,2,0,5,0,0,0,0,0,0,0,0,0,0,1,0,0,0,0,0,0,1,0,0,0,0,0,0,8,0,0,1,0,0,0,0,0,0,0,0,0,0,0,0,1,0,0,0,0,0,0,0,0,0,0,0,0,0,1,0,2,24,0,0,400500,91446,1,1,0,50.9296,0.0152769584,1,50.9296,7.8171704735,1,99,45,0,0,0,43,74,64
"17","DP012",24,24,0,0,0,0,0,0,0,0,0,12,0,0,0,0,0,0,0,2,0,0,0,0,0,0,0,0,0,0,0,0,0,0,0,0,0,0,0,1,0,0,0,0,0,0,0,0,0,15,0,0,0,0,0,0,0,0,0,0,2,0,0,0,0,0,0,0,3,0,0,0,0,0,6,0,0,0,0,0,0,0,0,0,0,0,0,0,0,0,0,0,0,0,0,0,0,0,1,0,0,0,0,0,0,9,0,4,0,0,397088,89476,1,1,0,0,0,0,50.9296,0.0008852192,1,1,19,1,0,0,0,0,2
"18","DP013",26,26,31,0,0,0,0,0,0,0,0,1,0,0,0,0,0,0,0,1,0,0,0,0,0,0,0,0,0,0,0,0,0,0,0,0,0,0,0,0,0,0,9,0,0,0,1,1,0,51,0,0,0,0,0,0,0,0,0,0,0,0,0,0,0,0,0,0,2,0,0,0,0,0,2,0,0,10,0,0,0,0,0,0,0,0,0,0,0,0,0,9,0,0,0,0,0,0,1,0,0,0,0,0,0,0,0,2,0,0,397007,91013,1,1,0,25.4648,0.0178889553,1,25.4648,8.8948e-05,1,0,0,0,0,0,0,0,0
"19","DP013",33,33,0,0,2,0,0,0,0,0,0,0,0,0,0,0,0,0,3,0,0,0,0,0,0,0,0,0,0,0,0,1,0,0,0,0,1,0,0,0,0,0,0,0,0,1,0,0,0,2,0,0,0,0,0,0,0,0,0,0,0,0,0,0,0,0,0,0,0,0,0,0,0,0,6,0,0,0,0,0,0,0,0,0,2,0,0,0,0,0,2,0,0,0,0,0,0,7,0,0,1,0,6,0,0,0,0,0,0,0,398000,90500,0,0,0,0,0,0,0,0,0,0,0,0,0,0,0,0,0
"20","DP014",22,22,0,0,0,0,0,0,0,0,0,124,1,0,0,0,0,0,0,1,0,0,0,0,0,0,0,0,0,0,0,0,0,0,0,0,0,0,0,2,0,0,2,0,0,0,0,4,0,0,0,0,0,0,0,0,0,1,0,0,0,0,0,0,0,0,0,0,0,0,5,0,0,1,6,0,0,1,0,0,0,0,0,0,0,0,0,0,0,0,0,0,0,0,0,0,0,0,0,0,0,0,0,0,1,0,5,41,0,0,396495,90462,1,1,0,101.8592,1.754505412,1,25.4648,10.6166865534,1,2,68,0,0,0,5,0,18
"21","DP014",25,25,1,0,0,0,0,0,1,0,0,13,0,0,0,0,0,0,0,5,0,0,0,0,0,0,0,0,0,0,0,0,0,1,0,0,0,0,0,0,0,0,0,0,0,0,0,12,0,0,0,0,0,0,0,0,0,0,0,0,0,0,0,2,0,0,0,0,5,0,0,0,1,0,0,0,0,0,0,0,0,0,0,0,0,0,0,0,0,0,0,0,0,0,0,0,0,0,0,0,0,0,0,0,0,7,0,2,0,0,397030,90570,1,1,0,305.5776,0.7171474103,1,127.324,0.0103618072,1,2,68,0,0,0,5,0,18
"22","DP015",14,14,20,0,0,0,0,0,0,0,0,23,0,45,0,0,0,0,0,2,0,0,0,0,0,0,0,0,0,0,0,0,0,0,1,0,0,0,0,0,0,0,1,0,0,0,0,90,0,123,0,0,0,0,0,0,0,0,0,0,1,0,0,0,1,0,0,0,1,0,0,0,0,0,0,0,0,2,0,0,0,0,0,0,3,0,0,1,0,0,0,0,0,0,0,0,0,0,4,0,0,0,0,0,0,0,6,0,0,0,395516,90035,1,1,1,2291.832,8.75102004,1,50.9296,0.0885610101,1,5,127,0,0,3,0,18,160
"23","DP015",15,15,0,0,0,0,0,0,0,0,0,13,0,0,0,0,0,1,0,0,2,0,0,0,0,0,0,0,0,0,0,0,0,0,1,0,0,0,0,1,0,0,0,5,0,0,0,112,0,17,0,0,0,0,0,0,0,0,0,0,1,0,0,0,20,0,0,0,0,0,0,0,0,0,0,0,0,1,0,0,0,0,0,0,0,0,0,0,0,0,0,0,0,0,3,0,0,0,0,0,0,0,0,0,4,4,3,0,0,0,395494,90494,1,1,90,2852.0576,34.9039159376,1,50.9296,3.3469677742,1,5,127,0,0,3,0,18,160
"24","DP015",18,18,0,0,0,0,0,0,0,0,0,8,0,0,0,0,0,0,0,1,5,0,0,0,0,0,0,0,0,0,0,0,0,0,0,0,0,0,0,0,0,0,0,0,0,0,0,8,0,4,0,0,0,0,0,0,0,0,0,0,1,0,0,0,0,0,0,0,2,0,0,0,0,0,3,1,0,0,0,0,0,0,0,0,0,0,0,0,0,0,0,0,1,0,3,0,0,0,2,0,0,0,0,0,1,1,0,0,0,0,395978,90016,1,1,0,203.7184,0.8184782244,1,152.7888,11.1494860136,1,5,127,0,0,3,0,18,160
"25","DP015",19,19,0,0,0,0,0,0,0,0,0,14,0,0,0,0,0,0,0,1,0,0,0,0,0,0,0,0,0,0,0,0,0,0,0,0,0,0,0,0,0,0,0,0,0,0,0,17,0,1,0,0,0,0,0,0,0,0,0,0,2,0,0,0,0,0,0,0,1,0,1,0,1,0,3,0,0,0,0,0,0,0,0,0,0,0,0,0,0,0,0,0,0,0,0,0,0,0,0,0,0,0,0,0,0,0,0,0,0,0,396054,90496,1,1,20,432.9016,4.9129684672,1,25.4648,0,1,5,127,0,0,3,0,18,160
"26","DP015",21,21,0,0,0,0,0,0,0,0,0,1,0,0,0,0,0,0,0,0,0,0,0,0,0,0,0,0,0,2,0,0,0,0,0,0,0,0,0,0,0,0,0,0,0,0,0,8,0,1,0,0,0,0,0,0,0,0,0,0,0,0,0,0,0,0,0,0,0,0,1,0,1,0,0,0,0,0,0,0,0,0,0,0,0,0,0,0,0,0,0,0,0,0,1,0,0,0,0,0,0,0,0,0,0,0,0,1,0,0,396539,90061,1,1,0,203.7184,0.218138709,1,0,0,0,5,127,0,0,3,0,18,160
"27","DP016",27,27,4,0,0,0,0,0,0,0,0,5,0,0,0,0,0,0,0,0,0,0,0,0,0,0,0,0,0,0,0,0,0,15,0,0,0,0,0,0,0,0,0,0,0,0,0,39,0,30,0,0,0,0,0,0,0,0,0,0,0,0,0,0,0,0,0,0,0,0,0,0,0,0,0,0,0,15,0,0,0,0,0,0,0,0,0,0,0,0,0,0,0,0,0,0,0,0,0,0,0,0,0,0,0,1,0,0,0,0,397000,92014,1,1,0,993.1272,3.6107222288,1,0,0,0,56,17,0,9,98,78,79,22
"28","DP016",28,28,2,0,0,0,0,0,0,0,0,7,0,0,0,0,0,0,0,0,0,0,0,0,0,0,0,0,0,0,0,0,0,2,0,0,0,0,0,0,0,0,0,0,0,0,0,22,0,18,0,0,0,0,0,0,0,0,0,0,1,0,0,0,0,0,0,0,3,0,0,0,0,0,3,0,0,0,0,0,0,0,0,0,0,0,0,0,0,0,0,0,0,0,0,0,0,0,0,0,0,0,0,0,0,0,1,0,0,0,397502,91500,1,1,0,560.2256,3.0425755085,1,0,0.0008852192,0,56,17,0,9,98,78,79,22
"29","DP016",34,34,0,0,0,0,0,0,0,0,0,3,0,0,0,0,1,0,0,0,0,0,0,0,0,0,0,0,0,0,0,0,0,0,0,0,0,0,0,0,0,0,0,0,0,0,0,0,0,67,0,0,0,0,0,0,0,0,0,0,0,0,0,0,0,0,0,0,0,0,0,0,0,0,0,0,0,3,0,0,0,0,0,0,0,0,0,0,0,0,0,0,0,0,0,0,0,0,0,0,0,0,0,0,0,0,0,6,0,0,397988,92033,1,1,0,0,0,0,0,0,0,56,17,0,9,98,78,79,22
"30","DP016",29,29,10,0,0,0,0,0,0,0,0,0,0,0,0,0,0,0,0,0,0,0,0,0,0,0,0,0,0,0,0,0,0,0,0,0,0,0,0,0,0,0,0,0,0,0,0,1,0,7,0,0,0,0,0,0,0,0,0,0,1,0,0,0,0,0,0,0,0,0,0,0,0,0,3,0,0,1,0,0,0,0,0,0,0,0,0,0,0,0,0,1,0,0,0,0,0,0,3,0,0,0,0,0,0,0,0,0,0,0,397487,92026,1,1,0,25.4648,0.5486597674,1,0,0,0,56,17,0,9,98,78,79,22
"31","DP017",10,10,0,0,0,0,0,0,0,0,0,127,0,0,0,0,0,0,0,2,0,0,0,0,0,0,0,1,0,6,1,0,0,28,1,0,0,0,0,8,0,0,0,0,0,0,0,56,0,11,0,0,0,0,0,0,0,0,0,0,0,0,0,0,0,0,0,0,3,0,0,0,0,0,0,0,0,0,0,0,0,0,0,0,5,12,0,0,0,0,0,0,0,0,1,0,0,0,7,0,0,0,0,0,6,12,181,0,0,0,395502,87983,1,1,0,1426.0288,1.737380873,1,50.9296,0.0088097839,1,150,54,2,0,485,0,421,200
"32","DP017",11,11,2,0,0,0,0,0,0,0,0,439,0,0,0,0,0,0,0,1,1,0,0,0,1,0,0,0,0,1,0,0,0,6,0,0,0,0,0,2,0,0,0,0,0,0,0,93,0,2,0,0,0,0,0,0,0,0,0,0,2,0,0,0,0,0,0,0,4,0,0,0,0,0,0,0,0,3,0,0,0,0,0,0,4,0,0,0,0,0,1,0,0,0,0,0,0,0,0,0,0,0,0,0,0,6,0,0,0,0,395492,88515,1,1,2,2368.2264,4.7771811683,1,50.9296,0.0009741672,1,150,54,2,0,485,0,421,200
"33","DP017",16,16,0,0,0,0,0,0,0,0,0,77,0,0,0,0,0,0,0,0,0,0,0,0,0,0,0,0,0,1,0,0,0,3,0,0,0,0,0,3,0,0,0,0,0,0,0,27,0,1,0,0,0,0,0,0,0,0,0,0,0,0,0,0,0,0,0,0,0,0,0,0,0,0,0,0,0,1,0,0,0,0,0,0,1,0,0,0,0,0,0,0,0,0,0,0,0,0,0,0,0,0,0,0,0,0,0,0,0,0,396086,88629,1,1,1,687.5496,5.5925525185,1,0,0,0,150,54,2,0,485,0,421,200
"34","DP017",9,9,0,0,0,0,0,0,0,0,0,0,0,0,0,0,0,0,0,0,0,0,0,0,0,0,0,0,0,113,0,0,0,1,0,0,0,0,0,0,0,0,0,0,0,0,0,13,0,1,0,0,0,0,0,0,0,0,0,0,0,0,0,0,0,0,0,0,0,0,0,0,0,0,0,0,0,0,0,0,0,0,0,0,0,0,0,0,0,0,0,0,0,0,0,0,0,0,0,0,0,0,0,0,0,4,0,0,0,0,395532,87664,1,1,0,331.0424,2.8605684542,1,0,0,0,150,54,2,0,485,0,421,200
"35","DP017",20,20,0,0,0,0,0,0,0,0,0,52,0,0,0,0,0,0,0,0,0,0,0,0,0,0,0,0,0,0,0,0,0,0,0,0,0,0,0,2,0,0,0,0,0,0,0,56,0,3,0,0,0,0,0,0,0,0,0,0,0,0,0,0,0,0,0,0,0,0,0,0,0,0,0,0,0,0,0,0,0,0,0,0,1,0,0,0,0,0,0,0,0,0,0,0,0,0,0,0,0,0,0,0,0,31,26,0,0,0,396500,89000,0,0,0,1426.0288,9.5248792685,1,0,0,0,150,54,2,0,485,0,421,200
"36","DP018",6,6,0,0,0,0,0,0,0,0,0,64,0,0,0,0,0,0,0,2,0,0,0,0,0,0,0,0,0,1,0,0,0,6,0,0,0,0,0,3,0,0,0,0,0,0,0,45,0,9,0,0,0,0,0,0,0,0,0,0,1,0,0,0,0,0,0,0,6,0,0,0,0,0,1,0,0,18,0,0,0,0,0,0,0,0,0,0,0,0,0,0,0,0,0,0,0,0,1,0,0,0,0,0,0,0,12,0,0,0,394930,88485,1,1,0,1145.916,4.5571304703,1,50.9296,0.0009741672,1,265,284,0,0,1638,34,381,945
"37","DP018",7,7,0,0,0,0,0,0,0,0,0,20,0,0,0,0,0,0,0,1,0,0,0,0,0,0,0,0,0,0,0,0,0,2,0,0,0,0,0,2,0,0,0,0,0,0,0,31,0,1,0,0,0,0,0,0,0,0,0,0,0,0,0,0,0,0,0,0,7,0,0,0,0,0,1,0,0,0,0,0,0,0,0,0,0,0,0,0,0,0,0,0,0,0,0,0,0,0,0,0,0,0,0,0,1,0,0,3,0,0,395169,89036,1,1,0,789.4088,7.0482058326,1,25.4648,8.8948e-05,1,265,284,0,0,1638,34,381,945
"38","DP018",8,8,0,0,0,0,0,0,0,0,0,0,0,0,0,0,0,0,0,0,0,0,0,0,0,0,0,0,0,73,0,0,0,0,0,0,0,0,0,0,0,0,0,0,0,0,0,50,0,0,0,0,0,0,0,0,0,0,0,0,0,0,0,0,0,0,0,1,0,0,0,0,0,0,0,0,0,1,0,0,0,0,0,0,0,0,0,0,0,0,0,0,0,0,0,0,0,0,0,0,0,0,0,0,0,11,0,0,0,0,395006,89481,1,1,2,1273.24,8.8388221742,1,0,0,0,265,284,0,0,1638,34,381,945
"39","DP018",13,13,1,0,0,0,0,0,0,0,0,0,0,0,0,0,0,0,0,1,0,0,0,0,0,0,0,0,0,0,0,0,0,0,0,0,0,0,0,0,0,0,0,0,0,0,0,58,0,40,0,0,0,0,0,0,0,0,0,0,1,0,0,0,0,0,0,0,0,0,0,0,0,0,0,0,0,0,0,0,0,0,0,0,1,0,0,1,0,0,0,0,0,0,1,0,0,0,1,0,0,0,0,0,0,2,0,0,0,0,395521,89544,1,1,10,1476.9584,8.1213375662,1,25.4648,1.2893319356,1,265,284,0,0,1638,34,381,945
"40","DP018",12,12,0,0,0,0,0,0,0,0,0,5,0,0,0,0,0,0,0,0,0,0,0,0,0,0,0,0,0,0,0,0,0,0,0,0,0,0,0,0,0,0,0,0,0,0,0,10,0,1,0,0,0,0,0,0,0,0,0,0,0,0,0,0,0,0,0,0,4,0,1,0,0,0,1,0,0,0,0,0,0,0,0,0,0,0,0,0,0,0,0,0,0,0,0,0,0,0,0,0,0,0,0,0,0,0,0,1,0,0,395510,89059,1,1,0,254.648,0.7792173383,1,0,0,0,265,284,0,0,1638,34,381,945
"41","DP018",17,17,0,0,0,0,7,0,0,0,0,11,0,0,0,1,0,1,0,2,0,0,0,0,0,0,1,0,0,0,0,0,0,0,0,0,0,192,0,1,0,0,0,0,0,0,0,72,0,6,0,0,0,0,0,0,0,1,1,0,1,0,0,0,4,0,0,0,0,2,1,0,0,0,1,0,0,0,0,0,0,0,0,0,3,0,0,0,0,0,0,0,0,0,10,0,0,0,2,0,0,0,0,0,0,32,9,0,0,0,395991,89570,1,1,0,1833.4656,9.3147783808,1,50.9296,4.4128618056,1,265,284,0,0,1638,34,381,945
"42","DP019",1,1,1,0,0,0,0,0,0,0,0,0,0,0,0,0,0,0,0,0,0,0,0,0,0,0,0,0,0,2,0,0,0,21,0,0,0,0,0,7,0,0,0,0,0,0,0,46,0,8,0,0,0,0,0,0,0,0,0,0,0,0,0,1,0,0,0,0,0,0,0,0,0,0,0,0,0,4,0,0,0,0,0,0,1,0,0,0,0,0,0,0,0,0,0,0,0,0,0,0,0,0,0,1,9,0,30,0,0,0,394598,87489,1,1,1,1171.3808,7.7952818107,1,0,0,0,0,0,0,0,0,0,0,0
"43","DP019",2,2,0,0,0,0,0,0,0,0,0,9,0,0,0,0,0,0,0,0,0,0,0,0,0,0,0,0,0,1,0,0,0,4,1,0,0,0,0,0,0,0,0,0,0,0,0,35,0,0,0,0,0,0,0,0,0,0,0,0,0,0,0,0,0,0,0,0,0,0,0,0,0,0,11,0,0,1,0,0,0,0,0,0,0,0,0,0,0,0,0,0,0,0,0,0,0,0,0,0,0,0,0,0,1,1,1,0,0,0,394550,88048,1,1,0,891.268,8.2728185809,1,0,0,0,0,0,0,0,0,0,0,0
"44","DP019",3,3,0,0,0,0,0,0,0,0,0,0,0,0,0,0,0,0,0,0,0,0,0,0,0,0,0,0,0,0,0,1,0,16,0,0,0,0,0,2,0,0,0,0,0,0,0,40,0,0,0,0,0,0,0,0,0,0,0,0,0,0,0,0,0,0,0,0,0,0,0,0,0,0,0,0,0,10,0,0,0,0,0,0,0,0,0,0,0,0,0,0,0,0,0,0,0,0,0,0,0,0,0,0,5,6,5,0,0,0,394435,88459,1,1,0,1018.592,6.4129273662,1,0,0,0,0,0,0,0,0,0,0,0
"45","DP019",4,4,0,0,0,0,0,0,0,0,0,8,0,0,0,0,0,0,0,0,0,0,0,0,0,0,0,34,0,300,0,0,0,12,24,0,0,0,0,8,0,0,0,0,0,0,0,41,0,0,0,0,0,0,0,0,0,0,0,0,0,0,0,0,0,0,0,0,0,0,0,0,0,0,0,0,0,0,0,0,0,0,0,0,1,1,0,0,0,0,0,0,0,0,0,0,0,0,0,0,0,0,0,0,5,0,1,0,0,0,394932,87593,1,1,0,1044.0568,11.7084228923,1,0,0,0,0,0,0,0,0,0,0,0
"46","DP019",5,5,0,0,0,0,0,0,0,0,0,1,0,0,0,0,0,0,0,0,0,0,0,0,0,0,0,0,0,2,0,0,0,36,5,0,0,0,0,2,0,0,0,0,0,0,0,32,0,30,0,0,0,0,0,0,0,0,0,0,1,0,0,0,0,0,0,0,0,0,0,0,0,0,0,0,0,15,0,0,0,0,0,0,7,2,0,0,0,0,0,0,0,0,0,0,0,0,19,0,0,0,0,0,7,0,194,0,0,0,395021,87989,1,1,0,814.8736,2.3684623757,1,0,0,0,0,0,0,0,0,0,0,0
"47","DP020",65,65,0,0,0,0,0,0,0,0,0,8,0,0,0,0,12,0,0,0,0,0,0,0,0,0,1,0,0,0,0,1,0,0,0,0,0,0,0,4,0,0,0,0,0,0,0,4,0,8,0,0,0,0,0,0,0,0,0,0,0,0,0,0,0,0,0,0,4,0,0,0,0,0,0,0,0,0,0,0,0,0,0,0,0,0,0,0,0,0,5,0,0,0,0,0,0,6,0,0,0,0,0,0,0,1,138,210,0,0,401511,87479,0,0,0,101.8592,1.3928142672,1,0,0,0,3,12,0,0,0,1,0,3
"48","DP020",69,69,0,0,0,0,0,0,0,0,0,0,0,0,0,0,0,0,0,0,0,0,0,0,0,0,0,0,0,0,0,0,0,0,0,0,0,0,0,0,0,0,0,0,0,0,0,0,0,0,0,0,0,0,0,0,0,0,0,0,0,0,0,2,0,0,0,0,0,0,0,0,0,0,4,4,0,0,0,0,0,0,0,0,0,0,0,0,0,0,0,0,0,0,0,0,0,0,0,0,0,0,0,0,0,0,218,0,0,0,402037,86619,1,0,0,0,0,0,0,0,0,3,12,0,0,0,1,0,3
"49","DP020",70,70,0,0,2,0,0,0,0,0,0,0,0,0,0,0,1,0,0,5,0,0,0,0,0,0,0,0,0,0,0,0,0,0,0,0,0,0,0,0,0,0,0,0,0,0,0,0,0,0,0,0,0,0,0,0,0,0,0,0,0,0,0,0,1,0,0,0,0,0,0,0,0,0,2,1,0,0,0,0,0,0,0,0,0,0,0,0,0,0,0,0,0,0,0,0,0,0,0,0,0,0,0,2,0,0,0,0,0,0,401985,86995,0,0,0,0,0,0,127.324,0.0037504292,1,3,12,0,0,0,1,0,3
"50","DP020",74,74,0,0,0,0,0,0,0,0,0,90,0,0,0,0,6,1,0,0,0,0,0,0,0,0,0,0,0,1,0,0,0,0,0,0,0,0,0,2,0,0,0,0,0,0,0,20,0,2,0,0,0,0,0,0,0,0,0,0,0,0,0,0,0,0,0,0,0,0,0,0,1,0,1,0,0,0,0,0,0,0,0,0,0,0,0,0,0,0,0,0,0,0,0,0,0,0,0,0,0,0,0,1,1,399,16,0,0,0,402988,85919,1,1,10,509.296,1.2024562333,1,0,0,0,3,12,0,0,0,1,0,3
"51","DP020",76,76,0,0,0,0,0,0,0,0,0,1,0,3,0,0,0,0,0,1,0,0,0,0,0,0,0,0,0,0,0,0,0,0,0,0,0,0,0,0,0,0,0,0,0,0,0,4,0,0,0,0,0,0,0,0,0,0,0,0,0,0,0,0,0,0,0,0,0,0,0,0,0,0,1,0,0,0,0,0,0,0,0,0,3,0,0,0,0,0,6,0,0,0,0,0,0,0,0,0,0,0,0,0,1,1,21,0,0,0,403370,86360,0,0,1,101.8592,0.0284119131,1,25.4648,0.2519724952,1,3,12,0,0,0,1,0,3
"52","DP021",61,61,4,0,0,0,0,0,17,0,0,35,0,0,0,0,0,0,0,0,1,0,0,3,0,0,0,0,0,444,0,0,0,0,0,0,0,0,0,0,0,0,0,0,0,0,0,0,0,2,0,0,0,0,0,0,0,0,0,0,0,0,0,0,0,0,0,0,0,0,0,0,0,0,0,0,0,0,0,0,0,0,0,0,0,0,0,0,0,0,0,4,0,0,0,0,0,0,0,0,0,0,0,0,1,7,50,138,0,0,401589,85023,1,0,50,0,0,0,25.4648,4.9443278873,1,0,4,0,0,0,0,0,2
"53","DP021",62,62,0,0,0,0,0,0,0,0,0,0,0,0,0,0,0,0,0,0,0,0,0,0,0,0,0,0,0,0,0,0,0,0,0,0,0,0,0,0,0,0,0,0,0,0,0,1,0,0,0,0,0,0,0,0,0,0,0,0,0,0,0,0,0,0,0,0,0,0,0,0,0,0,2,0,0,0,0,0,0,0,0,0,0,0,0,0,0,0,0,0,0,0,0,0,0,0,0,0,0,0,0,0,0,62,18,0,0,0,401490,85553,1,1,40,25.4648,0.3485662898,1,0,0,0,0,4,0,0,0,0,0,2
"54","DP021",63,63,0,0,0,0,0,0,0,0,0,0,0,0,0,0,0,0,0,1,0,0,0,0,0,0,0,0,0,0,0,1,0,0,0,0,0,0,0,0,0,0,0,1,0,0,0,3,0,0,0,0,0,0,0,0,0,0,0,0,0,0,0,0,0,0,0,0,0,0,0,0,0,0,0,0,0,0,0,0,0,0,0,0,0,0,0,0,0,0,0,0,0,1,0,0,0,0,0,0,0,0,0,0,0,7,0,0,0,0,401500,86076,1,1,70,76.3944,0.1609948001,1,25.4648,0,1,0,4,0,0,0,0,0,2
"55","DP021",68,68,0,0,0,0,0,0,0,0,0,0,0,0,0,0,0,0,0,0,0,0,0,0,0,0,0,0,0,0,0,0,0,0,0,0,0,0,0,0,0,0,0,0,0,0,0,1,0,0,0,0,0,0,0,0,0,0,0,0,0,0,0,2,0,0,0,0,0,0,0,0,0,0,26,0,0,0,0,0,0,0,0,0,0,0,0,0,0,0,0,0,0,0,0,0,0,0,0,0,0,0,0,0,0,0,34,1,0,0,402043,86021,0,0,5,25.4648,0.4464528208,1,0,0,0,0,4,0,0,0,0,0,2
"56","DP021",66,66,37,1,0,0,0,0,9,0,0,0,0,0,0,0,20,0,0,5,0,0,0,141,0,0,0,0,0,2,0,0,0,0,0,0,0,0,0,0,0,0,0,0,0,0,0,0,0,641,0,0,0,0,0,0,0,1,0,2,1,0,0,0,0,150,0,0,4,0,0,0,2,0,0,0,0,0,0,0,0,0,0,0,0,0,0,1,0,0,0,0,0,0,4,0,0,0,0,0,0,0,1,0,2,491,0,0,0,0,402027,84950,1,0,95,0,0,0,127.324,3.2282654041,1,0,4,0,0,0,0,0,2
"57","DP021",67,67,0,4,0,0,0,0,0,0,0,1,0,0,0,0,0,0,0,0,0,0,0,0,0,0,0,0,0,0,0,0,0,0,0,0,0,0,0,0,0,0,0,2,0,0,0,0,0,0,0,0,0,0,0,0,0,0,0,0,0,0,0,0,1,0,0,0,0,0,0,0,0,0,11,4,0,0,0,0,0,0,0,0,0,0,0,2,0,0,0,0,0,0,0,0,0,0,0,0,0,0,0,0,0,10,9,0,0,0,401970,85499,1,1,20,0,0,0,0,0,0,0,4,0,0,0,0,0,2
"58","DP021",72,72,1,0,3,0,0,0,0,0,0,0,0,0,0,0,0,0,0,1,0,0,0,0,0,0,0,0,0,0,0,0,0,0,0,0,0,0,0,0,0,0,0,0,0,0,0,0,0,0,0,0,0,0,0,0,0,0,0,0,0,0,0,2,0,0,0,0,0,0,0,0,0,0,1,3,4,0,0,0,0,0,0,0,0,0,0,0,0,0,0,0,0,0,0,0,0,5,0,0,0,0,0,0,2,0,1,0,0,0,402499,85901,0,0,10,0,0,0,25.4648,6.2659330248,1,0,4,0,0,0,0,0,2
"59","DP022",53,53,0,0,0,0,0,0,0,0,0,0,0,0,0,0,0,0,0,0,0,0,0,0,0,0,0,0,0,0,0,0,0,0,0,0,0,0,0,0,0,0,0,2,0,0,0,11,0,1,0,0,0,0,0,0,0,0,0,0,0,0,0,0,0,0,0,0,0,0,0,0,0,0,5,2,0,0,0,0,0,0,0,0,0,0,0,1,0,0,0,0,0,0,0,0,0,0,1,0,0,0,0,0,0,0,0,0,0,0,400456,85992,1,1,90,280.1128,5.4873431252,1,0,0,0,0,0,0,0,0,0,0,0
"60","DP022",60,60,0,0,0,1,0,0,2,0,0,1,0,0,0,0,0,0,0,1,0,0,0,0,0,0,0,0,0,0,0,0,0,0,0,0,0,0,0,0,0,0,0,0,0,0,0,1,0,0,0,0,0,0,0,0,0,0,0,0,0,0,0,1,0,0,0,0,0,0,0,0,0,0,22,0,0,0,0,0,0,0,0,0,0,0,0,0,0,0,0,0,0,0,0,0,0,0,0,0,0,0,0,0,0,0,53,0,0,0,400956,86545,1,0,50,25.4648,0.0040106533,1,25.4648,11.6875088431,1,0,0,0,0,0,0,0,0
"61","DP023",64,64,0,0,0,0,0,0,0,0,0,3,0,0,0,0,1,0,0,0,0,0,0,0,0,0,0,0,0,0,0,0,0,0,0,0,0,0,0,0,0,0,0,0,0,0,0,6,0,0,0,0,0,0,0,0,0,0,0,0,0,0,0,0,0,0,0,0,0,0,0,0,0,0,12,3,0,0,0,0,0,0,0,0,0,0,0,0,0,0,0,0,0,0,0,0,0,0,0,0,0,0,0,0,0,6,78,0,0,0,401486,87000,1,0,50,152.7888,1.0261801946,1,0,0,0,0,0,0,0,0,0,0,0
"62","DP024",59,59,1,0,0,0,0,0,0,0,0,6,0,0,0,0,0,0,0,0,0,0,0,0,0,0,0,0,0,0,0,1,0,0,0,0,0,0,0,1,0,0,0,0,0,0,0,3,0,5,0,0,0,0,0,0,0,0,0,0,0,0,0,1,0,0,0,0,0,0,0,0,0,0,5,0,0,0,0,0,0,0,0,0,0,0,0,0,0,0,0,0,0,0,0,0,0,0,0,0,0,0,0,0,0,22,1,36,0,0,400993,86016,1,1,50,76.3944,0.1328703192,1,0,0,0,0,0,0,0,0,0,0,0
"63","DP026",52,52,36,0,0,0,0,0,9,0,0,10,0,0,0,0,0,0,0,0,0,0,0,0,0,0,1,0,0,0,0,0,0,0,1,0,0,0,0,0,0,0,0,0,0,0,0,6,0,9,0,0,0,0,0,0,0,0,0,0,0,0,0,0,3,0,0,9,2,0,1,0,0,0,5,0,0,0,0,0,0,0,0,0,0,0,0,0,0,0,0,0,0,0,0,0,0,0,1,0,0,0,0,0,0,0,4,1,0,0,400521,85510,0,0,90,152.7888,0.120409933,1,0,0,0,0,0,0,0,0,0,0,0
"64","DP027",41,41,0,1,0,0,0,0,2,0,0,10,0,0,0,0,2,0,0,1,1,0,0,0,0,0,0,0,0,0,0,0,0,0,0,0,0,0,0,2,0,0,1,0,0,1,0,34,0,0,0,0,0,0,0,0,0,0,0,0,0,0,1,6,0,0,0,2,3,0,1,0,0,0,2,2,0,0,0,0,0,0,0,0,1,0,0,0,0,0,0,0,0,0,0,0,0,9,0,0,0,0,0,1,0,0,85,0,0,0,399001,87985,0,0,1,865.8032,0.9919371228,1,50.9296,4.3637628685,1,8,42,4,4,5,16,0,0
"65","DP028",40,40,0,0,0,4,0,0,1,0,0,0,0,1,0,0,1,0,0,3,0,0,0,0,0,0,0,0,0,0,0,0,0,1,0,0,0,0,0,0,0,0,0,0,0,0,0,0,0,3,0,0,1,0,0,0,0,0,0,0,0,0,0,3,0,0,0,0,0,0,0,0,0,0,1,1,0,0,0,0,0,0,0,0,0,0,0,0,0,0,0,2,0,0,0,0,0,0,0,0,0,0,0,0,0,25,9,34,0,0,399012,86995,0,0,10,0,0,0,76.3944,14.2800644284,1,110,79,36,0,308,22,1,86
"66","DP028",54,54,0,1,0,0,0,0,0,0,0,3,0,0,0,0,0,0,0,0,0,0,0,0,0,0,0,0,0,0,0,0,0,0,1,0,0,0,0,0,0,0,0,0,0,0,0,12,0,1,0,0,0,0,0,0,0,0,0,0,0,0,0,0,0,0,0,0,0,0,7,0,0,0,18,0,0,0,0,0,0,0,0,0,0,0,0,0,0,0,0,0,0,0,0,0,0,0,0,0,0,0,0,0,0,1,30,0,0,0,400500,86962,0,0,30,305.5776,0.573228662,1,0,0,0,110,79,36,0,308,22,1,86
"67","DP028",42,42,0,0,0,0,0,0,1,0,0,12,0,0,0,0,28,0,0,3,0,0,0,35,0,0,0,0,0,0,0,0,0,0,0,0,0,0,0,1,0,0,0,0,0,0,0,0,0,4,0,1,20,0,0,0,0,0,0,0,0,0,0,0,1,0,0,3,3,0,0,0,4,0,0,0,0,0,0,0,0,1,0,0,0,0,0,0,0,0,0,0,0,0,2,0,0,0,24,0,0,0,0,0,0,0,0,0,0,0,399471,86058,1,1,5,0,0,0,76.3944,0.1946802231,1,110,79,36,0,308,22,1,86
"68","DP028",43,43,0,0,0,0,0,0,0,0,0,1,0,0,0,0,0,0,0,2,3,0,0,0,0,0,0,0,0,0,0,0,0,0,0,0,0,0,0,0,0,0,0,0,0,0,0,0,0,51,0,0,0,0,0,0,0,0,0,0,0,0,0,0,0,0,0,0,0,0,0,0,1,0,0,0,0,1,0,0,0,0,0,3,0,0,0,0,0,0,0,0,0,0,1,0,0,0,0,0,0,0,0,0,0,54,0,0,0,0,399517,86960,1,1,80,0,0,0,127.324,8.7399001074,1,110,79,36,0,308,22,1,86
"69","DP028",44,44,0,0,0,0,0,0,0,0,0,49,0,0,0,0,0,0,0,1,0,0,0,0,0,0,0,0,0,0,0,0,0,0,0,0,0,0,0,3,0,0,0,0,0,0,0,14,0,0,0,0,0,0,0,0,0,0,0,0,2,0,0,0,0,0,0,0,1,0,5,0,0,0,4,0,0,0,0,0,0,0,0,0,0,0,0,0,0,0,0,0,0,0,0,0,0,0,0,0,0,0,0,0,0,0,61,0,0,0,399490,87532,1,1,0,356.5072,0.272883128,1,25.4648,0.0008852192,1,110,79,36,0,308,22,1,86
"70","DP028",47,47,3,0,0,0,0,1,0,0,0,1,0,0,0,0,0,0,0,3,1,0,0,0,0,0,0,0,0,0,0,0,0,0,0,0,0,0,0,3,0,0,0,0,0,0,1,42,0,0,0,0,0,0,0,0,0,0,0,0,0,0,0,0,0,0,0,0,16,0,0,0,0,0,12,0,0,1,0,0,0,0,0,0,0,0,0,0,0,0,0,0,0,0,0,0,0,0,0,0,0,0,0,0,0,4,0,1,0,0,399982,86538,1,1,0,1069.5216,8.9130800968,1,101.8592,0.0022004842,1,110,79,36,0,308,22,1,86
"71","DP028",48,48,0,0,0,0,0,0,1,0,0,14,0,0,0,0,0,1,0,1,0,0,0,0,0,0,0,0,0,0,0,0,0,0,0,0,0,0,0,0,0,0,0,0,0,0,0,3,0,0,0,0,0,0,0,0,0,0,0,0,0,0,0,0,0,0,0,3,0,0,0,0,0,0,10,1,0,0,0,0,0,0,0,0,1,0,0,0,0,0,0,0,0,0,0,0,0,0,0,0,0,0,0,0,0,0,11,0,0,0,399982,87077,1,1,15,76.3944,0.1778148367,1,25.4648,10.6166865534,1,110,79,36,0,308,22,1,86
"72","DP029",35,35,11,0,0,0,0,0,0,0,0,29,0,0,0,0,0,0,0,2,0,0,0,0,2,0,0,0,0,0,0,0,0,15,0,0,0,0,0,2,0,0,3,0,0,0,0,234,0,5,0,0,0,0,0,0,0,0,0,0,2,0,0,0,0,0,0,0,2,0,0,0,0,0,0,0,0,11,0,0,0,0,0,0,0,0,0,0,0,0,0,5,0,0,0,0,0,0,0,0,0,0,0,0,14,0,0,9,0,0,398500,86489,1,1,0,5958.7632,7.2930459284,1,50.9296,0.0010631153,1,58,43,2,238,463,41,9,173
"73","DP029",36,36,1,0,0,0,0,0,0,0,0,4,0,0,0,0,0,0,0,1,0,0,0,0,0,0,0,0,0,0,0,0,0,3,0,0,0,0,0,1,0,0,2,0,0,0,0,121,0,0,0,0,0,1,0,0,0,0,0,0,1,0,0,0,0,0,0,0,2,0,0,0,0,0,3,0,0,0,0,0,0,0,0,0,0,0,0,0,0,0,0,0,0,0,0,0,0,0,2,0,0,0,0,0,3,1,2,0,0,0,398502,86997,1,1,1,3081.2408,6.2430298252,1,25.4648,0.0008852192,1,58,43,2,238,463,41,9,173
"74","DP029",30,30,97,0,0,0,0,0,0,0,0,0,0,0,0,0,0,0,0,0,0,0,0,0,0,0,0,0,0,2,0,0,0,3,0,0,0,0,0,0,0,0,0,0,0,0,0,92,0,47,0,0,1,0,15,0,0,0,0,0,0,0,0,0,0,0,0,0,2,0,0,0,0,0,0,0,0,29,0,0,0,0,0,0,0,0,0,0,0,0,0,0,0,0,0,0,0,0,0,0,0,0,0,0,1,4,0,3,0,0,398036,86089,1,1,2,2342.7616,7.9791544601,1,0,0,0,58,43,2,238,463,41,9,173
"75","DP030",32,32,2,0,0,0,0,0,0,0,0,39,0,0,0,0,0,0,0,3,0,0,0,0,0,0,0,0,0,0,0,1,0,0,0,0,0,0,1,0,0,0,0,0,0,0,0,3,0,7,0,0,0,0,0,0,0,0,0,0,1,0,0,0,0,0,0,0,1,0,0,0,0,0,3,0,0,1,0,0,0,0,0,0,0,0,0,0,0,0,0,0,0,0,0,0,0,0,0,0,0,0,0,0,2,3,0,23,0,0,398047,89032,1,1,5,76.3944,0.0050490467,1,76.3944,10.6168644495,1,127,76,1,0,88,18,108,71
"76","DP030",39,39,0,0,0,1,0,0,0,0,0,64,0,0,0,0,2,0,0,3,0,0,0,0,9,0,0,0,0,1,0,0,0,0,0,0,0,0,1,0,0,0,0,0,0,0,0,10,0,0,0,0,0,0,0,0,0,1,0,0,1,0,0,9,0,0,0,5,2,0,1,0,0,0,6,0,0,2,0,0,0,0,0,0,0,0,0,0,0,0,0,0,0,0,1,0,0,0,0,0,0,0,0,0,0,140,0,5,0,0,398500,89000,1,0,30,254.648,0.9597450857,1,76.3944,32.1320132041,1,127,76,1,0,88,18,108,71
"77","DP031",31,31,0,0,0,0,0,0,0,0,0,18,0,0,0,0,5,0,0,0,2,0,0,0,0,0,0,0,0,26,0,0,0,2,1,0,0,0,0,1,0,0,0,0,0,0,0,1,0,0,0,0,0,0,0,0,0,0,0,0,1,0,0,0,0,0,0,0,0,0,0,0,9,0,0,0,0,1,0,0,0,0,0,0,1,0,0,0,0,0,0,0,0,0,2,0,0,0,2,0,0,0,0,0,0,17,1,0,0,0,397880,86957,1,1,0,25.4648,0.0122844473,1,50.9296,5.4953642876,1,16,62,3,232,222,62,10,76
"78","DP031",37,37,0,0,0,0,0,0,0,0,0,9,0,0,0,0,1,0,0,0,0,0,0,0,0,0,0,0,0,0,0,0,0,5,0,0,0,0,0,0,0,0,0,0,0,0,0,61,0,0,0,0,0,0,0,0,0,0,0,0,0,0,0,3,0,0,0,0,0,0,0,0,0,0,0,0,0,0,0,0,0,0,0,0,0,0,0,0,0,0,0,0,0,0,0,0,0,0,2,0,0,0,0,0,2,0,1,0,0,0,398610,87514,0,0,0,1553.3528,7.0570408643,1,0,0,0,16,62,3,232,222,62,10,76
"79","DP031",38,38,0,0,0,0,0,0,0,0,0,14,0,0,0,0,0,0,0,2,0,0,0,0,0,0,0,0,0,6,0,0,0,25,0,0,0,0,0,1,0,0,0,0,0,0,0,16,0,3,0,0,0,0,0,0,0,0,0,0,0,0,0,1,0,0,0,0,2,0,0,0,0,0,0,0,0,0,0,0,0,0,0,0,0,0,0,0,0,0,0,0,0,0,2,0,0,0,1,0,0,0,0,0,1,1,0,0,0,0,398617,87994,0,0,1,407.4368,1.5708571863,1,50.9296,3.9605129337,1,16,62,3,232,222,62,10,76
"80","DP032",23,23,0,0,0,0,0,0,0,0,0,0,0,0,0,0,0,0,0,0,0,0,0,0,0,0,0,0,0,205,0,0,0,0,0,0,0,0,0,0,0,0,0,0,0,0,0,75,0,38,0,0,0,0,1,0,0,0,0,0,0,0,0,0,0,0,0,0,0,0,0,0,0,0,0,0,0,227,0,0,0,0,0,0,0,0,0,0,0,0,0,0,0,0,0,0,0,0,0,0,0,0,0,0,0,0,0,0,0,0,396824,86547,1,1,0,1909.86,8.9630138831,1,0,0,0,8,17,0,29,0,8,3,15
